"","Package","LibPath","Version","Priority","Depends","Imports","LinkingTo","Suggests","Enhances","License","License_is_FOSS","License_restricts_use","OS_type","MD5sum","NeedsCompilation","Built"
"AMOEBA","AMOEBA","/home/kawin7538/R/x86_64-pc-linux-gnu-library/3.6","1.1",NA,"snowfall, rlecuyer, spdep",NA,NA,"maptools, plotrix,",NA,"GPL (>= 2)",NA,NA,NA,NA,"no","3.6.3"
"antiword","antiword","/home/kawin7538/R/x86_64-pc-linux-gnu-library/3.6","1.3.1",NA,NA,"sys (>= 2.0)",NA,NA,NA,"GPL-2",NA,NA,NA,NA,"yes","3.6.3"
"ash","ash","/home/kawin7538/R/x86_64-pc-linux-gnu-library/3.6","1.0-15",NA,NA,NA,NA,NA,NA,"GPL (>= 2)",NA,NA,NA,NA,"yes","3.6.3"
"askpass","askpass","/home/kawin7538/R/x86_64-pc-linux-gnu-library/3.6","1.1",NA,NA,"sys (>= 2.1)",NA,"testthat",NA,"MIT + file LICENSE",NA,NA,NA,NA,"yes","3.6.3"
"assertthat","assertthat","/home/kawin7538/R/x86_64-pc-linux-gnu-library/3.6","0.2.1",NA,NA,"tools",NA,"testthat, covr",NA,"GPL-3",NA,NA,NA,NA,"no","3.6.3"
"backports","backports","/home/kawin7538/R/x86_64-pc-linux-gnu-library/3.6","1.4.1",NA,"R (>= 3.0.0)",NA,NA,NA,NA,"GPL-2 | GPL-3",NA,NA,NA,NA,"yes","3.6.3"
"base64enc","base64enc","/home/kawin7538/R/x86_64-pc-linux-gnu-library/3.6","0.1-3",NA,"R (>= 2.9.0)",NA,NA,NA,"png","GPL-2 | GPL-3",NA,NA,NA,NA,"yes","3.6.3"
"bit","bit","/home/kawin7538/R/x86_64-pc-linux-gnu-library/3.6","4.0.4",NA,"R (>= 2.9.2)",NA,NA,"testthat (>= 0.11.0), roxygen2, knitr, rmarkdown,
microbenchmark, bit64 (>= 4.0.0), ff (>= 4.0.0)",NA,"GPL-2 | GPL-3",NA,NA,NA,NA,"yes","3.6.3"
"bit64","bit64","/home/kawin7538/R/x86_64-pc-linux-gnu-library/3.6","4.0.5",NA,"R (>= 3.0.1), bit (>= 4.0.0), utils, methods, stats",NA,NA,NA,NA,"GPL-2 | GPL-3",NA,NA,NA,NA,"yes","3.6.3"
"bitops","bitops","/home/kawin7538/R/x86_64-pc-linux-gnu-library/3.6","1.0-7",NA,NA,NA,NA,NA,NA,"GPL (>= 2)",NA,NA,NA,NA,"yes","3.6.3"
"blob","blob","/home/kawin7538/R/x86_64-pc-linux-gnu-library/3.6","1.2.2",NA,NA,"methods, rlang, vctrs (>= 0.2.1)",NA,"covr, crayon, pillar (>= 1.2.1), testthat",NA,"MIT + file LICENSE",NA,NA,NA,NA,"no","3.6.3"
"BMA","BMA","/home/kawin7538/R/x86_64-pc-linux-gnu-library/3.6","3.18.15",NA,"survival, leaps, robustbase, inline, rrcov","methods",NA,"MASS",NA,"GPL (>= 2)",NA,NA,NA,NA,"yes","3.6.3"
"brew","brew","/home/kawin7538/R/x86_64-pc-linux-gnu-library/3.6","1.0-7",NA,NA,NA,NA,"testthat",NA,"GPL-2",NA,NA,NA,NA,"no","3.6.3"
"brio","brio","/home/kawin7538/R/x86_64-pc-linux-gnu-library/3.6","1.1.3",NA,NA,NA,NA,"covr, testthat (>= 2.1.0)",NA,"MIT + file LICENSE",NA,NA,NA,NA,"yes","3.6.3"
"broom","broom","/home/kawin7538/R/x86_64-pc-linux-gnu-library/3.6","0.7.12",NA,"R (>= 3.1)","backports, dplyr (>= 1.0.0), ellipsis, generics (>= 0.0.2),
glue, methods, purrr, rlang, stringr, tibble (>= 3.0.0), tidyr
(>= 1.0.0), ggplot2",NA,"AER, akima, AUC, bbmle, betareg, biglm, binGroup, boot,
btergm, car, caret, cluster, cmprsk, coda, covr, drc, e1071,
emmeans, epiR, ergm (>= 3.10.4), fixest (>= 0.9.0), gam (>=
1.15), gee, geepack, glmnet, glmnetUtils, gmm, Hmisc, irlba,
joineRML, Kendall, knitr, ks, Lahman, lavaan, leaps, lfe,
lm.beta, lme4, lmodel2, lmtest (>= 0.9.38), lsmeans, maps,
maptools, margins, MASS, Matrix, mclust, mediation, metafor,
mfx, mgcv, mlogit, modeldata, modeltests, muhaz, multcomp,
network, nnet, orcutt (>= 2.2), ordinal, plm, poLCA, psych,
quantreg, rgeos, rmarkdown, robust, robustbase, rsample,
sandwich, sp, spdep (>= 1.1), spatialreg, speedglm, spelling,
survey, survival, systemfit, testthat (>= 2.1.0), tseries,
vars, zoo",NA,"MIT + file LICENSE",NA,NA,NA,NA,"no","3.6.3"
"bslib","bslib","/home/kawin7538/R/x86_64-pc-linux-gnu-library/3.6","0.3.1",NA,"R (>= 2.10)","grDevices, htmltools (>= 0.5.2), jsonlite, sass (>= 0.4.0),
jquerylib (>= 0.1.3), rlang",NA,"shiny (>= 1.6.0), rmarkdown (>= 2.7), thematic, knitr,
testthat, withr, rappdirs, curl, magrittr",NA,"MIT + file LICENSE",NA,NA,NA,NA,"no","3.6.3"
"cachem","cachem","/home/kawin7538/R/x86_64-pc-linux-gnu-library/3.6","1.0.6",NA,NA,"rlang, fastmap",NA,"testthat",NA,"MIT + file LICENSE",NA,NA,NA,NA,"yes","3.6.3"
"callr","callr","/home/kawin7538/R/x86_64-pc-linux-gnu-library/3.6","3.7.0",NA,NA,"processx (>= 3.5.0), R6, utils",NA,"cli, covr, ps, rprojroot, spelling, testthat, withr (>=
2.3.0)",NA,"MIT + file LICENSE",NA,NA,NA,NA,"no","3.6.3"
"cellranger","cellranger","/home/kawin7538/R/x86_64-pc-linux-gnu-library/3.6","1.1.0",NA,"R (>= 3.0.0)","rematch, tibble",NA,"covr, testthat (>= 1.0.0), knitr, rmarkdown",NA,"MIT + file LICENSE",NA,NA,NA,NA,"no","3.6.3"
"classInt","classInt","/home/kawin7538/R/x86_64-pc-linux-gnu-library/3.6","0.4-3",NA,"R (>= 2.2)","grDevices, stats, graphics, e1071, class, KernSmooth",NA,"spData (>= 0.2.6.2), units, knitr, rmarkdown",NA,"GPL (>= 2)",NA,NA,NA,NA,"yes","3.6.3"
"cli","cli","/home/kawin7538/R/x86_64-pc-linux-gnu-library/3.6","3.1.0",NA,"R (>= 2.10)","glue, utils",NA,"asciicast, callr, covr, grDevices, htmltools, htmlwidgets,
knitr, methods, mockery, processx, ps (>= 1.3.4.9000), rlang,
rmarkdown, rstudioapi, shiny, testthat, tibble, whoami, withr",NA,"MIT + file LICENSE",NA,NA,NA,NA,"yes","3.6.3"
"clipr","clipr","/home/kawin7538/R/x86_64-pc-linux-gnu-library/3.6","0.7.1",NA,NA,"utils",NA,"covr, knitr, rmarkdown, rstudioapi (>= 0.5), testthat (>=
2.0.0)",NA,"GPL-3",NA,NA,NA,NA,"no","3.6.3"
"coda","coda","/home/kawin7538/R/x86_64-pc-linux-gnu-library/3.6","0.19-4",NA,"R (>= 2.14.0)","lattice",NA,NA,NA,"GPL (>= 2)",NA,NA,NA,NA,"no","3.6.3"
"colorspace","colorspace","/home/kawin7538/R/x86_64-pc-linux-gnu-library/3.6","2.0-3",NA,"R (>= 3.0.0), methods","graphics, grDevices, stats",NA,"datasets, utils, KernSmooth, MASS, kernlab, mvtnorm, vcd,
tcltk, shiny, shinyjs, ggplot2, dplyr, scales, grid, png, jpeg,
knitr, rmarkdown, RColorBrewer, rcartocolor, scico, viridis,
wesanderson",NA,"BSD_3_clause + file LICENSE",NA,NA,NA,NA,"yes","3.6.3"
"commonmark","commonmark","/home/kawin7538/R/x86_64-pc-linux-gnu-library/3.6","1.8.0",NA,NA,NA,NA,"curl, testthat, xml2",NA,"BSD_2_clause + file LICENSE",NA,NA,NA,NA,"yes","3.6.3"
"cpp11","cpp11","/home/kawin7538/R/x86_64-pc-linux-gnu-library/3.6","0.4.2",NA,NA,NA,NA,"bench, brio, callr, cli, covr, decor, desc, ggplot2, glue,
knitr, lobstr, mockery, progress, rmarkdown, scales, Rcpp,
testthat, tibble, utils, vctrs, withr",NA,"MIT + file LICENSE",NA,NA,NA,NA,"no","3.6.3"
"crayon","crayon","/home/kawin7538/R/x86_64-pc-linux-gnu-library/3.6","1.4.2",NA,NA,"grDevices, methods, utils",NA,"mockery, rstudioapi, testthat, withr",NA,"MIT + file LICENSE",NA,NA,NA,NA,"no","3.6.3"
"credentials","credentials","/home/kawin7538/R/x86_64-pc-linux-gnu-library/3.6","1.3.2",NA,NA,"openssl (>= 1.3), sys (>= 2.1), curl, jsonlite, askpass",NA,"testthat, knitr, rmarkdown",NA,"MIT + file LICENSE",NA,NA,NA,NA,"no","3.6.3"
"curl","curl","/home/kawin7538/R/x86_64-pc-linux-gnu-library/3.6","4.3.2",NA,"R (>= 3.0.0)",NA,NA,"spelling, testthat (>= 1.0.0), knitr, jsonlite, rmarkdown,
magrittr, httpuv (>= 1.4.4), webutils",NA,"MIT + file LICENSE",NA,NA,NA,NA,"yes","3.6.3"
"data.table","data.table","/home/kawin7538/R/x86_64-pc-linux-gnu-library/3.6","1.14.2",NA,"R (>= 3.1.0)","methods",NA,"bit64 (>= 4.0.0), bit (>= 4.0.4), curl, R.utils, xts,
nanotime, zoo (>= 1.8-1), yaml, knitr, rmarkdown",NA,"MPL-2.0 | file LICENSE",NA,NA,NA,NA,"yes","3.6.3"
"DBI","DBI","/home/kawin7538/R/x86_64-pc-linux-gnu-library/3.6","1.1.2",NA,"methods, R (>= 3.0.0)",NA,NA,"blob, covr, DBItest, dbplyr, downlit, dplyr, glue, hms,
knitr, magrittr, RMariaDB, rmarkdown, rprojroot, RSQLite (>=
1.1-2), testthat, xml2",NA,"LGPL (>= 2.1)",NA,NA,NA,NA,"no","3.6.3"
"dbplyr","dbplyr","/home/kawin7538/R/x86_64-pc-linux-gnu-library/3.6","2.1.1",NA,"R (>= 3.1)","assertthat (>= 0.2.0), blob (>= 1.2.0), DBI (>= 1.0.0), dplyr
(>= 1.0.4), ellipsis, glue (>= 1.2.0), lifecycle (>= 1.0.0),
magrittr, methods, purrr (>= 0.2.5), R6 (>= 2.2.2), rlang (>=
0.2.0), tibble (>= 1.4.2), tidyselect (>= 0.2.4), utils, vctrs,
withr",NA,"bit64, covr, knitr, Lahman, nycflights13, odbc, RMariaDB (>=
1.0.2), rmarkdown, RPostgres (>= 1.1.3), RPostgreSQL, RSQLite
(>= 2.1.0), testthat (>= 3.0.2), tidyr",NA,"MIT + file LICENSE",NA,NA,NA,NA,"no","3.6.3"
"deldir","deldir","/home/kawin7538/R/x86_64-pc-linux-gnu-library/3.6","1.0-6",NA,"R (>= 3.5.0)","graphics, grDevices",NA,"polyclip",NA,"GPL (>= 2)",NA,NA,NA,NA,"yes","3.6.3"
"DEoptimR","DEoptimR","/home/kawin7538/R/x86_64-pc-linux-gnu-library/3.6","1.0-10",NA,NA,"stats",NA,NA,"robustbase","GPL (>= 2)",NA,NA,NA,NA,"no","3.6.3"
"Deriv","Deriv","/home/kawin7538/R/x86_64-pc-linux-gnu-library/3.6","4.1.3",NA,NA,"methods",NA,"testthat",NA,"GPL (>= 3)",NA,NA,NA,NA,"no","3.6.3"
"desc","desc","/home/kawin7538/R/x86_64-pc-linux-gnu-library/3.6","1.4.1",NA,"R (>= 3.4)","cli, R6, rprojroot, utils",NA,"callr, covr, gh, spelling, testthat, whoami, withr",NA,"MIT + file LICENSE",NA,NA,NA,NA,"no","3.6.3"
"deSolve","deSolve","/home/kawin7538/R/x86_64-pc-linux-gnu-library/3.6","1.30",NA,"R (>= 3.3.0)","methods, graphics, grDevices, stats",NA,"scatterplot3d, FME",NA,"GPL (>= 2)",NA,NA,NA,NA,"yes","3.6.3"
"devtools","devtools","/home/kawin7538/R/x86_64-pc-linux-gnu-library/3.6","2.4.3",NA,"R (>= 3.0.2), usethis (>= 2.0.1)","callr (>= 3.6.0), cli (>= 3.0.0), desc (>= 1.3.0), ellipsis
(>= 0.3.1), fs (>= 1.5.0), httr (>= 1.4.2), lifecycle (>=
1.0.0), memoise (>= 2.0.0), pkgbuild (>= 1.2.0), pkgload (>=
1.2.1), rcmdcheck (>= 1.3.3), remotes (>= 2.3.0), rlang (>=
0.4.10), roxygen2 (>= 7.1.1), rstudioapi (>= 0.13), rversions
(>= 2.0.2), sessioninfo (>= 1.1.1), stats, testthat (>= 3.0.2),
tools, utils, withr (>= 2.4.1)",NA,"BiocManager (>= 1.30.12), covr (>= 3.5.1), curl (>= 4.3),
digest (>= 0.6.27), DT (>= 0.17), foghorn (>= 1.3.2), gh (>=
1.2.1), gmailr (>= 1.0.0), knitr (>= 1.31), lintr (>= 2.0.1),
MASS, mockery (>= 0.4.2), pingr (>= 2.0.1), pkgdown (>= 1.6.1),
rhub (>= 1.1.1), rmarkdown (>= 2.7), spelling (>= 2.2)",NA,"MIT + file LICENSE",NA,NA,NA,NA,"no","3.6.3"
"dfidx","dfidx","/home/kawin7538/R/x86_64-pc-linux-gnu-library/3.6","0.0-4",NA,"R (>= 2.10)","dplyr, Formula",NA,"knitr, rmarkdown, AER, mlogit, plm",NA,"GPL (>= 2)",NA,NA,NA,NA,"no","3.6.3"
"diffobj","diffobj","/home/kawin7538/R/x86_64-pc-linux-gnu-library/3.6","0.3.5",NA,"R (>= 3.1.0)","crayon (>= 1.3.2), tools, methods, utils, stats",NA,"knitr, rmarkdown",NA,"GPL-2 | GPL-3",NA,NA,NA,NA,"yes","3.6.3"
"digest","digest","/home/kawin7538/R/x86_64-pc-linux-gnu-library/3.6","0.6.29",NA,"R (>= 3.3.0)","utils",NA,"tinytest, simplermarkdown",NA,"GPL (>= 2)",NA,NA,NA,NA,"yes","3.6.3"
"doParallel","doParallel","/home/kawin7538/R/x86_64-pc-linux-gnu-library/3.6","1.0.17",NA,"R (>= 2.14.0), foreach (>= 1.2.0), iterators (>= 1.0.0),
parallel, utils",NA,NA,"caret, mlbench, rpart, RUnit","compiler","GPL-2",NA,NA,NA,NA,"no","3.6.3"
"dotCall64","dotCall64","/home/kawin7538/R/x86_64-pc-linux-gnu-library/3.6","1.0-1",NA,"R (>= 3.1)",NA,NA,"microbenchmark, OpenMPController, RColorBrewer, roxygen2,
spam, testthat,",NA,"GPL (>= 2)",NA,NA,NA,NA,"yes","3.6.3"
"dplyr","dplyr","/home/kawin7538/R/x86_64-pc-linux-gnu-library/3.6","1.0.7",NA,"R (>= 3.3.0)","ellipsis, generics, glue (>= 1.3.2), lifecycle (>= 1.0.0),
magrittr (>= 1.5), methods, R6, rlang (>= 0.4.10), tibble (>=
2.1.3), tidyselect (>= 1.1.0), utils, vctrs (>= 0.3.5), pillar
(>= 1.5.1)",NA,"bench, broom, callr, covr, DBI, dbplyr (>= 1.4.3), knitr,
Lahman, lobstr, microbenchmark, nycflights13, purrr, rmarkdown,
RMySQL, RPostgreSQL, RSQLite, testthat (>= 3.0.2), tidyr, withr",NA,"MIT + file LICENSE",NA,NA,NA,NA,"yes","3.6.3"
"dtplyr","dtplyr","/home/kawin7538/R/x86_64-pc-linux-gnu-library/3.6","1.2.1",NA,"R (>= 3.3)","crayon, data.table (>= 1.13.0), dplyr (>= 1.0.3), ellipsis,
glue, lifecycle, rlang, tibble, tidyselect, vctrs",NA,"bench, covr, knitr, rmarkdown, testthat (>= 3.0.0), tidyr (>=
1.1.0)",NA,"MIT + file LICENSE",NA,NA,NA,NA,"no","3.6.3"
"e1071","e1071","/home/kawin7538/R/x86_64-pc-linux-gnu-library/3.6","1.7-9",NA,NA,"graphics, grDevices, class, stats, methods, utils, proxy",NA,"cluster, mlbench, nnet, randomForest, rpart, SparseM, xtable,
Matrix, MASS, slam",NA,"GPL-2 | GPL-3",NA,NA,NA,NA,"yes","3.6.3"
"ellipsis","ellipsis","/home/kawin7538/R/x86_64-pc-linux-gnu-library/3.6","0.3.2",NA,"R (>= 3.2)","rlang (>= 0.3.0)",NA,"covr, testthat",NA,"MIT + file LICENSE",NA,NA,NA,NA,"yes","3.6.3"
"evaluate","evaluate","/home/kawin7538/R/x86_64-pc-linux-gnu-library/3.6","0.14",NA,"R (>= 3.0.2)","methods",NA,"testthat, lattice, ggplot2",NA,"MIT + file LICENSE",NA,NA,NA,NA,"no","3.6.3"
"evd","evd","/home/kawin7538/R/x86_64-pc-linux-gnu-library/3.6","2.3-4",NA,NA,"stats, grDevices, graphics",NA,"akima",NA,"GPL-3",NA,NA,NA,NA,"yes","3.6.3"
"expsmooth","expsmooth","/home/kawin7538/R/x86_64-pc-linux-gnu-library/3.6","2.3",NA,"R (>= 2.0.0), forecast",NA,NA,NA,NA,"GPL (>= 2)",NA,NA,NA,NA,"no","3.6.3"
"fansi","fansi","/home/kawin7538/R/x86_64-pc-linux-gnu-library/3.6","1.0.0",NA,"R (>= 3.1.0)","grDevices, utils",NA,"unitizer, knitr, rmarkdown",NA,"GPL-2 | GPL-3",NA,NA,NA,NA,"yes","3.6.3"
"farver","farver","/home/kawin7538/R/x86_64-pc-linux-gnu-library/3.6","2.1.0",NA,NA,NA,NA,"testthat (>= 2.1.0), covr",NA,"MIT + file LICENSE",NA,NA,NA,NA,"yes","3.6.3"
"fastmap","fastmap","/home/kawin7538/R/x86_64-pc-linux-gnu-library/3.6","1.1.0",NA,NA,NA,NA,"testthat (>= 2.1.1)",NA,"MIT + file LICENSE",NA,NA,NA,NA,"yes","3.6.3"
"fields","fields","/home/kawin7538/R/x86_64-pc-linux-gnu-library/3.6","13.3",NA,"R (>= 3.0), methods, spam, viridis","maps",NA,NA,NA,"GPL (>= 2)",NA,NA,NA,NA,"yes","3.6.3"
"fma","fma","/home/kawin7538/R/x86_64-pc-linux-gnu-library/3.6","2.4",NA,"R (>= 2.0.0), forecast (>= 8.1)",NA,NA,"knitr, rmarkdown, tidyverse",NA,"GPL-3",NA,NA,NA,NA,"no","3.6.3"
"FNN","FNN","/home/kawin7538/R/x86_64-pc-linux-gnu-library/3.6","1.1.3",NA,"R (>= 3.0.0)",NA,NA,"chemometrics, mvtnorm",NA,"GPL (>= 2)",NA,NA,NA,NA,"yes","3.6.3"
"fontawesome","fontawesome","/home/kawin7538/R/x86_64-pc-linux-gnu-library/3.6","0.2.2",NA,"R (>= 3.3.0)","rlang (>= 0.4.10), htmltools (>= 0.5.1.1)",NA,"covr, knitr, testthat, rsvg",NA,"MIT + file LICENSE",NA,NA,NA,NA,"no","3.6.3"
"forcats","forcats","/home/kawin7538/R/x86_64-pc-linux-gnu-library/3.6","0.5.1",NA,"R (>= 3.2)","ellipsis, magrittr, rlang, tibble",NA,"covr, dplyr, ggplot2, knitr, readr, rmarkdown, testthat",NA,"MIT + file LICENSE",NA,NA,NA,NA,"no","3.6.3"
"foreach","foreach","/home/kawin7538/R/x86_64-pc-linux-gnu-library/3.6","1.5.2",NA,"R (>= 2.5.0)","codetools, utils, iterators",NA,"randomForest, doMC, doParallel, testthat, knitr, rmarkdown",NA,"Apache License (== 2.0)",NA,NA,NA,NA,"no","3.6.3"
"forecast","forecast","/home/kawin7538/R/x86_64-pc-linux-gnu-library/3.6","8.16",NA,"R (>= 3.0.2),","colorspace, fracdiff, ggplot2 (>= 2.2.1), graphics, lmtest,
magrittr, nnet, parallel, Rcpp (>= 0.11.0), stats, timeDate,
tseries, urca, zoo","Rcpp (>= 0.11.0), RcppArmadillo (>= 0.2.35)","forecTheta, knitr, methods, rmarkdown, rticles, seasonal,
testthat, uroot",NA,"GPL-3",NA,NA,NA,NA,"yes","3.6.3"
"Formula","Formula","/home/kawin7538/R/x86_64-pc-linux-gnu-library/3.6","1.2-4",NA,"R (>= 2.0.0), stats",NA,NA,NA,NA,"GPL-2 | GPL-3",NA,NA,NA,NA,"no","3.6.3"
"fpp2","fpp2","/home/kawin7538/R/x86_64-pc-linux-gnu-library/3.6","2.4",NA,"R (>= 2.10)","cli (>= 1.0.0), crayon (>= 1.3.4), expsmooth, fma, forecast
(>= 8.3), ggplot2, magrittr (>= 1.5), purrr (>= 0.2.4),
rstudioapi (>= 0.7)",NA,"GGally,gridExtra,Mcomp,seasonal,tidyverse,vars",NA,"GPL-3",NA,NA,NA,NA,"no","3.6.3"
"fracdiff","fracdiff","/home/kawin7538/R/x86_64-pc-linux-gnu-library/3.6","1.5-1",NA,NA,"stats",NA,"longmemo, forecast, urca",NA,"GPL (>= 2)",NA,NA,NA,NA,"yes","3.6.3"
"fs","fs","/home/kawin7538/R/x86_64-pc-linux-gnu-library/3.6","1.5.2",NA,"R (>= 3.1)","methods",NA,"testthat, covr, pillar (>= 1.0.0), tibble (>= 1.1.0), crayon,
rmarkdown, knitr, withr, spelling, vctrs (>= 0.3.0)",NA,"MIT + file LICENSE",NA,NA,NA,NA,"yes","3.6.3"
"gargle","gargle","/home/kawin7538/R/x86_64-pc-linux-gnu-library/3.6","1.2.0",NA,"R (>= 3.3)","cli (>= 3.0.0), fs (>= 1.3.1), glue (>= 1.3.0), httr (>=
1.4.0), jsonlite, rappdirs, rlang (>= 0.4.9), rstudioapi,
stats, utils, withr",NA,"aws.ec2metadata, aws.signature, covr, httpuv, knitr, mockr,
rmarkdown, sodium, spelling, testthat (>= 3.0.0)",NA,"MIT + file LICENSE",NA,NA,NA,NA,"no","3.6.3"
"generics","generics","/home/kawin7538/R/x86_64-pc-linux-gnu-library/3.6","0.1.1",NA,"R (>= 3.2)","methods",NA,"covr, pkgload, testthat (>= 3.0.0), tibble, withr",NA,"MIT + file LICENSE",NA,NA,NA,NA,"no","3.6.3"
"geodata","geodata","/home/kawin7538/R/x86_64-pc-linux-gnu-library/3.6","0.3-5",NA,"R (>= 3.5.0), terra",NA,NA,"jsonlite, R.utils",NA,"GPL (>= 3)",NA,NA,NA,NA,"no","3.6.3"
"gert","gert","/home/kawin7538/R/x86_64-pc-linux-gnu-library/3.6","1.5.0",NA,NA,"askpass, credentials (>= 1.2.1), openssl (>= 1.4.1),
rstudioapi (>= 0.11), sys, zip (>= 2.1.0)",NA,"spelling, knitr, rmarkdown, testthat",NA,"MIT + file LICENSE",NA,NA,NA,NA,"yes","3.6.3"
"ggplot2","ggplot2","/home/kawin7538/R/x86_64-pc-linux-gnu-library/3.6","3.3.5",NA,"R (>= 3.3)","digest, glue, grDevices, grid, gtable (>= 0.1.1), isoband,
MASS, mgcv, rlang (>= 0.4.10), scales (>= 0.5.0), stats,
tibble, withr (>= 2.0.0)",NA,"covr, ragg, dplyr, ggplot2movies, hexbin, Hmisc, interp,
knitr, lattice, mapproj, maps, maptools, multcomp, munsell,
nlme, profvis, quantreg, RColorBrewer, rgeos, rmarkdown, rpart,
sf (>= 0.7-3), svglite (>= 1.2.0.9001), testthat (>= 2.1.0),
vdiffr (>= 1.0.0), xml2","sp","MIT + file LICENSE",NA,NA,NA,NA,"no","3.6.3"
"gh","gh","/home/kawin7538/R/x86_64-pc-linux-gnu-library/3.6","1.3.0",NA,NA,"cli (>= 2.0.1), gitcreds, httr (>= 1.2), ini, jsonlite",NA,"covr, knitr, mockery, rmarkdown, rprojroot, spelling,
testthat (>= 2.3.2), withr",NA,"MIT + file LICENSE",NA,NA,NA,NA,"no","3.6.3"
"gitcreds","gitcreds","/home/kawin7538/R/x86_64-pc-linux-gnu-library/3.6","0.1.1",NA,NA,NA,NA,"codetools, testthat, knitr, mockery, oskeyring, rmarkdown,
withr",NA,"MIT + file LICENSE",NA,NA,NA,NA,"no","3.6.3"
"glue","glue","/home/kawin7538/R/x86_64-pc-linux-gnu-library/3.6","1.6.0",NA,"R (>= 3.4)","methods",NA,"covr, crayon, DBI, dplyr, forcats, ggplot2, knitr, magrittr,
microbenchmark, R.utils, rmarkdown, rprintf, RSQLite, stringr,
testthat, vctrs (>= 0.3.0), waldo, withr",NA,"MIT + file LICENSE",NA,NA,NA,NA,"yes","3.6.3"
"googledrive","googledrive","/home/kawin7538/R/x86_64-pc-linux-gnu-library/3.6","2.0.0",NA,"R (>= 3.3)","cli (>= 3.0.0), gargle (>= 1.2.0), glue (>= 1.4.2), httr,
jsonlite, lifecycle, magrittr, pillar, purrr (>= 0.2.3), rlang
(>= 0.4.9), tibble (>= 2.0.0), utils, uuid, vctrs (>= 0.3.0),
withr",NA,"covr, curl, downlit, dplyr (>= 1.0.0), knitr, mockr,
rmarkdown, roxygen2, sodium, spelling, testthat (>= 3.0.0)",NA,"MIT + file LICENSE",NA,NA,NA,NA,"no","3.6.3"
"googlesheets4","googlesheets4","/home/kawin7538/R/x86_64-pc-linux-gnu-library/3.6","1.0.0",NA,"R (>= 3.3)","cellranger, cli (>= 3.0.0), curl, gargle (>= 1.2.0), glue (>=
1.3.0), googledrive (>= 2.0.0), httr, ids, magrittr, methods,
purrr, rematch2, rlang (>= 0.4.11), tibble (>= 2.1.1), utils,
vctrs (>= 0.2.3)",NA,"covr, readr, rmarkdown, sodium, spelling, testthat (>=
3.0.0), withr",NA,"MIT + file LICENSE",NA,NA,NA,NA,"no","3.6.3"
"gridExtra","gridExtra","/home/kawin7538/R/x86_64-pc-linux-gnu-library/3.6","2.3",NA,NA,"gtable, grid, grDevices, graphics, utils",NA,"ggplot2, egg, lattice, knitr, testthat",NA,"GPL (>= 2)",NA,NA,NA,NA,"no","3.6.3"
"gtable","gtable","/home/kawin7538/R/x86_64-pc-linux-gnu-library/3.6","0.3.0",NA,"R (>= 3.0)","grid",NA,"covr, testthat, knitr, rmarkdown, ggplot2, profvis",NA,"GPL-2",NA,NA,NA,NA,"no","3.6.3"
"gtools","gtools","/home/kawin7538/R/x86_64-pc-linux-gnu-library/3.6","3.9.2",NA,"methods, stats, utils",NA,NA,"car, gplots, knitr, rstudioapi, SGP, taxize",NA,"GPL-2",NA,NA,NA,NA,"yes","3.6.3"
"haven","haven","/home/kawin7538/R/x86_64-pc-linux-gnu-library/3.6","2.4.3",NA,"R (>= 3.2)","forcats (>= 0.2.0), hms, methods, readr (>= 0.1.0), rlang (>=
0.4.0), tibble, tidyselect, vctrs (>= 0.3.0)","cpp11","cli, covr, crayon, fs, knitr, pillar (>= 1.4.0), rmarkdown,
testthat (>= 3.0.0)",NA,"MIT + file LICENSE",NA,NA,NA,NA,"yes","3.6.3"
"highr","highr","/home/kawin7538/R/x86_64-pc-linux-gnu-library/3.6","0.9",NA,"R (>= 3.2.3)","xfun (>= 0.18)",NA,"knitr, markdown, testit",NA,"GPL",NA,NA,NA,NA,"no","3.6.3"
"HKprocess","HKprocess","/home/kawin7538/R/x86_64-pc-linux-gnu-library/3.6","0.0-2",NA,"R (>= 3.2.3)","MCMCpack (>= 1.3-3), gtools(>= 3.5.0)",NA,"ltsa (>= 1.4.6), FGN (>= 2.0-12)",NA,"GPL-3",NA,NA,NA,NA,"yes","3.6.3"
"hms","hms","/home/kawin7538/R/x86_64-pc-linux-gnu-library/3.6","1.1.1",NA,NA,"ellipsis (>= 0.3.2), lifecycle, methods, pkgconfig, rlang,
vctrs (>= 0.3.8)",NA,"crayon, lubridate, pillar (>= 1.1.0), testthat (>= 3.0.0)",NA,"MIT + file LICENSE",NA,NA,NA,NA,"no","3.6.3"
"htmltools","htmltools","/home/kawin7538/R/x86_64-pc-linux-gnu-library/3.6","0.5.2",NA,"R (>= 2.14.1)","utils, digest, grDevices, base64enc, rlang (>= 0.4.10),
fastmap",NA,"markdown, testthat, withr, Cairo, ragg, shiny","knitr","GPL (>= 2)",NA,NA,NA,NA,"yes","3.6.3"
"htmlwidgets","htmlwidgets","/home/kawin7538/R/x86_64-pc-linux-gnu-library/3.6","1.5.4",NA,NA,"grDevices, htmltools (>= 0.3), jsonlite (>= 0.9.16), yaml",NA,"knitr (>= 1.8), rmarkdown, testthat","shiny (>= 1.1)","MIT + file LICENSE",NA,NA,NA,NA,"no","3.6.3"
"httpuv","httpuv","/home/kawin7538/R/x86_64-pc-linux-gnu-library/3.6","1.6.5",NA,"R (>= 2.15.1)","Rcpp (>= 1.0.7), utils, R6, promises, later (>= 0.8.0)","Rcpp, later","testthat, callr, curl, websocket",NA,"GPL (>= 2) | file LICENSE",NA,NA,NA,NA,"yes","3.6.3"
"httr","httr","/home/kawin7538/R/x86_64-pc-linux-gnu-library/3.6","1.4.2",NA,"R (>= 3.2)","curl (>= 3.0.0), jsonlite, mime, openssl (>= 0.8), R6",NA,"covr, httpuv, jpeg, knitr, png, readr, rmarkdown, testthat
(>= 0.8.0), xml2",NA,"MIT + file LICENSE",NA,NA,NA,NA,"no","3.6.3"
"ids","ids","/home/kawin7538/R/x86_64-pc-linux-gnu-library/3.6","1.0.1",NA,NA,"openssl, uuid",NA,"knitr, rcorpora, rmarkdown, testthat",NA,"MIT + file LICENSE",NA,NA,NA,NA,"no","3.6.3"
"ini","ini","/home/kawin7538/R/x86_64-pc-linux-gnu-library/3.6","0.3.1",NA,NA,NA,NA,"testthat",NA,"GPL-3",NA,NA,NA,NA,"no","3.6.3"
"INLA","INLA","/home/kawin7538/R/x86_64-pc-linux-gnu-library/3.6","22.03.16",NA,"R (>= 3.5), Matrix (>= 1.3-0), foreach, parallel, sp (>=
1.4-2)","graphics, grDevices, methods, splines, stats, utils",NA,"Deriv, Ecdat, HKprocess, MatrixModels, Rgraphviz, deldir,
devtools, doParallel, dplyr, evd, fields, ggplot2, gsl, graph,
gridExtra, knitr, markdown, matrixStats, mlogit, mvtnorm,
numDeriv, orthopolynom, pixmap, rgdal, rgeos, rgl, rmarkdown,
shiny, sn, spdep, splancs, testthat, tools",NA,"GPL (>= 2) + file LICENSE",NA,NA,NA,NA,"no","4.1.2"
"inline","inline","/home/kawin7538/R/x86_64-pc-linux-gnu-library/3.6","0.3.19",NA,NA,"methods",NA,"Rcpp (>= 0.11.0), tinytest",NA,"LGPL",NA,NA,NA,NA,"no","3.6.3"
"isoband","isoband","/home/kawin7538/R/x86_64-pc-linux-gnu-library/3.6","0.2.5",NA,NA,"grid, utils",NA,"covr, ggplot2, knitr, magick, microbenchmark, rmarkdown, sf,
testthat, xml2",NA,"MIT + file LICENSE",NA,NA,NA,NA,"yes","3.6.3"
"iterators","iterators","/home/kawin7538/R/x86_64-pc-linux-gnu-library/3.6","1.0.14",NA,"R (>= 2.5.0), utils",NA,NA,"RUnit, foreach",NA,"Apache License (== 2.0)",NA,NA,NA,NA,"no","3.6.3"
"jpeg","jpeg","/home/kawin7538/R/x86_64-pc-linux-gnu-library/3.6","0.1-9",NA,"R (>= 2.9.0)",NA,NA,NA,NA,"GPL-2 | GPL-3",NA,NA,NA,NA,"yes","3.6.3"
"jquerylib","jquerylib","/home/kawin7538/R/x86_64-pc-linux-gnu-library/3.6","0.1.4",NA,NA,"htmltools",NA,"testthat",NA,"MIT + file LICENSE",NA,NA,NA,NA,"no","3.6.3"
"jsonlite","jsonlite","/home/kawin7538/R/x86_64-pc-linux-gnu-library/3.6","1.7.2",NA,"methods",NA,NA,"httr, curl, plyr, testthat, knitr, rmarkdown, R.rsp, sf",NA,"MIT + file LICENSE",NA,NA,NA,NA,"yes","3.6.3"
"kernlab","kernlab","/home/kawin7538/R/x86_64-pc-linux-gnu-library/3.6","0.9-29",NA,"R (>= 2.10)","methods, stats, grDevices, graphics",NA,NA,NA,"GPL-2",NA,NA,NA,NA,"yes","3.6.3"
"knitr","knitr","/home/kawin7538/R/x86_64-pc-linux-gnu-library/3.6","1.37",NA,"R (>= 3.2.3)","evaluate (>= 0.10), highr, methods, stringr (>= 0.6), yaml (>=
2.1.19), xfun (>= 0.27), tools",NA,"markdown, formatR, testit, digest, rgl (>= 0.95.1201),
codetools, rmarkdown, htmlwidgets (>= 0.7), webshot, tikzDevice
(>= 0.10), tinytex, reticulate (>= 1.4), JuliaCall (>= 0.11.1),
magick, png, jpeg, gifski, xml2 (>= 1.2.0), httr, DBI (>=
0.4-1), showtext, tibble, sass, bslib, ragg, styler (>= 1.2.0),
targets (>= 0.6.0)",NA,"GPL",NA,NA,NA,NA,"no","3.6.3"
"ks","ks","/home/kawin7538/R/x86_64-pc-linux-gnu-library/3.6","1.13.4",NA,"R (>= 2.10.0)","FNN (>= 1.1), kernlab, KernSmooth (>= 2.22), Matrix, mclust,
mgcv, multicool, mvtnorm (>= 1.0-0), plot3D, pracma",NA,"geometry, MASS, misc3d (>= 0.4-0), oz, rgl (>= 0.66)",NA,"GPL-2 | GPL-3",NA,NA,NA,NA,"yes","3.6.3"
"labeling","labeling","/home/kawin7538/R/x86_64-pc-linux-gnu-library/3.6","0.4.2",NA,NA,"stats, graphics",NA,NA,NA,"MIT + file LICENSE | Unlimited",NA,NA,NA,NA,"no","3.6.3"
"later","later","/home/kawin7538/R/x86_64-pc-linux-gnu-library/3.6","1.3.0",NA,NA,"Rcpp (>= 0.12.9), rlang","Rcpp","knitr, rmarkdown, testthat (>= 2.1.0)",NA,"MIT + file LICENSE",NA,NA,NA,NA,"yes","3.6.3"
"leaps","leaps","/home/kawin7538/R/x86_64-pc-linux-gnu-library/3.6","3.1",NA,"",NA,NA,"biglm",NA,"GPL (>= 2)",NA,NA,NA,NA,"yes","3.6.3"
"lifecycle","lifecycle","/home/kawin7538/R/x86_64-pc-linux-gnu-library/3.6","1.0.1",NA,"R (>= 3.3)","glue, rlang (>= 0.4.10)",NA,"covr, crayon, lintr, tidyverse, knitr, rmarkdown, testthat
(>= 3.0.1), tools, tibble, vctrs",NA,"MIT + file LICENSE",NA,NA,NA,NA,"no","3.6.3"
"lisa","lisa","/home/kawin7538/R/x86_64-pc-linux-gnu-library/3.6","0.1.2",NA,"R (>= 2.10)","tibble",NA,"testthat, covr, knitr, rmarkdown",NA,"MIT + file LICENSE",NA,NA,NA,NA,"no","3.6.3"
"lmtest","lmtest","/home/kawin7538/R/x86_64-pc-linux-gnu-library/3.6","0.9-39",NA,"R (>= 3.0.0), stats, zoo","graphics",NA,"car, strucchange, sandwich, dynlm, stats4, survival, AER",NA,"GPL-2 | GPL-3",NA,NA,NA,NA,"yes","3.6.3"
"lubridate","lubridate","/home/kawin7538/R/x86_64-pc-linux-gnu-library/3.6","1.8.0",NA,"methods, R (>= 3.2)","generics","cpp11 (>= 0.2.7)","covr, knitr, testthat (>= 2.1.0), vctrs (>= 0.3.0), rmarkdown","chron, timeDate, tis, zoo","GPL (>= 2)",NA,NA,NA,NA,"yes","3.6.3"
"magrittr","magrittr","/home/kawin7538/R/x86_64-pc-linux-gnu-library/3.6","2.0.1",NA,NA,NA,NA,"covr, knitr, rlang, rmarkdown, testthat",NA,"MIT + file LICENSE",NA,NA,NA,NA,"yes","3.6.3"
"maps","maps","/home/kawin7538/R/x86_64-pc-linux-gnu-library/3.6","3.4.0",NA,"R (>= 3.5.0)","graphics, utils",NA,"mapproj (>= 1.2-0), mapdata (>= 2.3.0), sp, rnaturalearth",NA,"GPL-2",NA,NA,NA,NA,"yes","3.6.3"
"maptools","maptools","/home/kawin7538/R/x86_64-pc-linux-gnu-library/3.6","1.1-2",NA,"R (>= 2.10), sp (>= 1.0-11)","foreign (>= 0.8), methods, grid, lattice, stats, utils,
grDevices",NA,"rgeos (>= 0.1-8), spatstat.geom (>= 1.65-0), PBSmapping,
maps, RColorBrewer, raster, polyclip, plotrix, spatstat.linnet
(>= 1.65-3), spatstat.utils (>= 1.19.0), spatstat (>= 2.0-0)","gpclib","GPL (>= 2)",NA,NA,NA,NA,"yes","3.6.3"
"markdown","markdown","/home/kawin7538/R/x86_64-pc-linux-gnu-library/3.6","1.1",NA,"R (>= 2.11.1)","utils, xfun, mime (>= 0.3)",NA,"knitr, RCurl",NA,"GPL-2",NA,NA,NA,NA,"yes","3.6.3"
"Matrix","Matrix","/home/kawin7538/R/x86_64-pc-linux-gnu-library/3.6","1.4-1","recommended","R (>= 3.5.0)","methods, graphics, grid, stats, utils, lattice",NA,"expm, MASS","MatrixModels, graph, SparseM, sfsmisc, igraph, maptools, sp,
spdep","GPL (>= 2) | file LICENCE",NA,NA,NA,NA,"yes","3.6.3"
"MatrixModels","MatrixModels","/home/kawin7538/R/x86_64-pc-linux-gnu-library/3.6","0.5-0",NA,"R (>= 3.0.1)","stats, methods, Matrix (>= 1.1-5)",NA,NA,NA,"GPL (>= 2)",NA,NA,NA,NA,"no","3.6.3"
"matrixStats","matrixStats","/home/kawin7538/R/x86_64-pc-linux-gnu-library/3.6","0.61.0",NA,"R (>= 2.12.0)",NA,NA,"base64enc, ggplot2, knitr, markdown, microbenchmark,
R.devices, R.rsp",NA,"Artistic-2.0",NA,NA,NA,NA,"yes","3.6.3"
"mclust","mclust","/home/kawin7538/R/x86_64-pc-linux-gnu-library/3.6","5.4.9",NA,"R (>= 3.0)","stats, utils, graphics, grDevices",NA,"knitr (>= 1.12), rmarkdown (>= 0.9), mix (>= 1.0), geometry
(>= 0.3-6), MASS",NA,"GPL (>= 2)",NA,NA,NA,NA,"yes","3.6.3"
"mcmc","mcmc","/home/kawin7538/R/x86_64-pc-linux-gnu-library/3.6","0.9-7",NA,"R (>= 3.0.2)","stats",NA,"xtable, Iso",NA,"MIT + file LICENSE",NA,NA,NA,NA,"yes","3.6.3"
"MCMCpack","MCMCpack","/home/kawin7538/R/x86_64-pc-linux-gnu-library/3.6","1.6-1",NA,"R (>= 3.6), coda (>= 0.11-3), MASS, stats","graphics, grDevices, lattice, methods, utils, mcmc, quantreg",NA,NA,NA,"GPL-3",NA,NA,NA,NA,"yes","3.6.3"
"memoise","memoise","/home/kawin7538/R/x86_64-pc-linux-gnu-library/3.6","2.0.1",NA,NA,"rlang (>= 0.4.10), cachem",NA,"digest, aws.s3, covr, googleAuthR, googleCloudStorageR, httr,
testthat",NA,"MIT + file LICENSE",NA,NA,NA,NA,"no","3.6.3"
"mime","mime","/home/kawin7538/R/x86_64-pc-linux-gnu-library/3.6","0.12",NA,NA,"tools",NA,NA,NA,"GPL",NA,NA,NA,NA,"yes","3.6.3"
"misc3d","misc3d","/home/kawin7538/R/x86_64-pc-linux-gnu-library/3.6","0.9-1",NA,NA,"grDevices, graphics, stats, tcltk",NA,"rgl, tkrplot, MASS",NA,"GPL",NA,NA,NA,NA,"no","3.6.3"
"mlogit","mlogit","/home/kawin7538/R/x86_64-pc-linux-gnu-library/3.6","1.1-1",NA,"R (>= 2.10), dfidx","Formula, zoo, lmtest, statmod, MASS, Rdpack",NA,"knitr, car, nnet, lattice, AER, ggplot2, texreg, rmarkdown",NA,"GPL (>= 2)",NA,NA,NA,NA,"no","3.6.3"
"mnormt","mnormt","/home/kawin7538/R/x86_64-pc-linux-gnu-library/3.6","2.0.2",NA,"R (>= 2.2.0)","tmvnsim (>= 1.0-2)",NA,NA,NA,"GPL-2 | GPL-3",NA,NA,NA,NA,"yes","3.6.3"
"modelr","modelr","/home/kawin7538/R/x86_64-pc-linux-gnu-library/3.6","0.1.8",NA,"R (>= 3.2)","broom, magrittr, purrr (>= 0.2.2), rlang (>= 0.2.0), tibble,
tidyr (>= 0.8.0), tidyselect, vctrs",NA,"compiler, covr, ggplot2, testthat",NA,"GPL-3",NA,NA,NA,NA,"no","3.6.3"
"multicool","multicool","/home/kawin7538/R/x86_64-pc-linux-gnu-library/3.6","0.1-12",NA,"methods, Rcpp (>= 0.11.2)",NA,"Rcpp",NA,NA,"GPL-2",NA,NA,NA,NA,"yes","3.6.3"
"munsell","munsell","/home/kawin7538/R/x86_64-pc-linux-gnu-library/3.6","0.5.0",NA,NA,"colorspace, methods",NA,"ggplot2, testthat",NA,"MIT + file LICENSE",NA,NA,NA,NA,"no","3.6.3"
"mvtnorm","mvtnorm","/home/kawin7538/R/x86_64-pc-linux-gnu-library/3.6","1.1-3",NA,"R(>= 3.5.0)","stats, methods",NA,NA,NA,"GPL-2",NA,NA,NA,NA,"yes","3.6.3"
"numDeriv","numDeriv","/home/kawin7538/R/x86_64-pc-linux-gnu-library/3.6","2016.8-1.1",NA,"R (>= 2.11.1)",NA,NA,NA,NA,"GPL-2",NA,NA,NA,NA,"no","3.6.3"
"openssl","openssl","/home/kawin7538/R/x86_64-pc-linux-gnu-library/3.6","1.4.6",NA,NA,"askpass",NA,"testthat (>= 2.1.0), digest, knitr, rmarkdown, jsonlite,
jose, sodium",NA,"MIT + file LICENSE",NA,NA,NA,NA,"yes","3.6.3"
"orthopolynom","orthopolynom","/home/kawin7538/R/x86_64-pc-linux-gnu-library/3.6","1.0-5",NA,"R (>= 2.0.1), polynom",NA,NA,NA,NA,"GPL (>= 2)",NA,NA,NA,NA,NA,"3.6.3"
"pcaPP","pcaPP","/home/kawin7538/R/x86_64-pc-linux-gnu-library/3.6","1.9-74",NA,NA,"mvtnorm",NA,"robustbase",NA,"GPL (>= 3)",NA,NA,NA,NA,"yes","3.6.3"
"pillar","pillar","/home/kawin7538/R/x86_64-pc-linux-gnu-library/3.6","1.6.4",NA,NA,"cli, crayon (>= 1.3.4), ellipsis (>= 0.3.2), fansi, lifecycle,
rlang (>= 0.3.0), utf8 (>= 1.1.0), utils, vctrs (>= 0.3.8)",NA,"bit64, debugme, DiagrammeR, dplyr, formattable, ggplot2,
knitr, lubridate, nycflights13, palmerpenguins, rmarkdown,
scales, stringi, survival, testthat (>= 3.0.2), tibble, units
(>= 0.7.2), withr",NA,"MIT + file LICENSE",NA,NA,NA,NA,"no","3.6.3"
"pixmap","pixmap","/home/kawin7538/R/x86_64-pc-linux-gnu-library/3.6","0.4-12",NA,NA,"methods, graphics, grDevices",NA,NA,NA,"GPL-2",NA,NA,NA,NA,"no","3.6.3"
"pkgbuild","pkgbuild","/home/kawin7538/R/x86_64-pc-linux-gnu-library/3.6","1.3.1",NA,"R (>= 3.1)","callr (>= 3.2.0), cli, crayon, desc, prettyunits, R6,
rprojroot, withr (>= 2.3.0)",NA,"Rcpp, cpp11, testthat, covr",NA,"MIT + file LICENSE",NA,NA,NA,NA,"no","3.6.3"
"pkgconfig","pkgconfig","/home/kawin7538/R/x86_64-pc-linux-gnu-library/3.6","2.0.3",NA,NA,"utils",NA,"covr, testthat, disposables (>= 1.0.3)",NA,"MIT + file LICENSE",NA,NA,NA,NA,"no","3.6.3"
"pkgload","pkgload","/home/kawin7538/R/x86_64-pc-linux-gnu-library/3.6","1.2.4",NA,NA,"cli, crayon, desc, methods, rlang, rprojroot, rstudioapi,
utils, withr",NA,"bitops, covr, pkgbuild, Rcpp, testthat",NA,"GPL-3",NA,NA,NA,NA,"no","3.6.3"
"plot3D","plot3D","/home/kawin7538/R/x86_64-pc-linux-gnu-library/3.6","1.4",NA,"R (>= 2.15)","misc3d, stats, graphics, grDevices, methods",NA,NA,NA,"GPL (>= 3.0)",NA,NA,NA,NA,"no","3.6.3"
"plotrix","plotrix","/home/kawin7538/R/x86_64-pc-linux-gnu-library/3.6","3.8-2",NA,"R (>= 3.5.0)","grDevices, graphics, stats, utils",NA,NA,NA,"GPL (>= 2)",NA,NA,NA,NA,"no","3.6.3"
"polynom","polynom","/home/kawin7538/R/x86_64-pc-linux-gnu-library/3.6","1.4-0",NA,NA,"stats, graphics",NA,"knitr, rmarkdown",NA,"GPL-2",NA,NA,NA,NA,"no","3.6.3"
"pracma","pracma","/home/kawin7538/R/x86_64-pc-linux-gnu-library/3.6","2.3.8",NA,"R (>= 3.1.0)","graphics, grDevices, stats, utils",NA,"NlcOptim, quadprog",NA,"GPL (>= 3)",NA,NA,NA,NA,"no","3.6.3"
"praise","praise","/home/kawin7538/R/x86_64-pc-linux-gnu-library/3.6","1.0.0",NA,NA,NA,NA,"testthat",NA,"MIT + file LICENSE",NA,NA,NA,NA,"no","3.6.3"
"prettyunits","prettyunits","/home/kawin7538/R/x86_64-pc-linux-gnu-library/3.6","1.1.1",NA,NA,NA,NA,"codetools, covr, testthat",NA,"MIT + file LICENSE",NA,NA,NA,NA,"no","3.6.3"
"processx","processx","/home/kawin7538/R/x86_64-pc-linux-gnu-library/3.6","3.5.2",NA,NA,"ps (>= 1.2.0), R6, utils",NA,"callr (>= 3.2.0), cli, codetools, covr, curl, debugme,
parallel, testthat, withr",NA,"MIT + file LICENSE",NA,NA,NA,NA,"yes","3.6.3"
"progress","progress","/home/kawin7538/R/x86_64-pc-linux-gnu-library/3.6","1.2.2",NA,NA,"hms, prettyunits, R6, crayon",NA,"Rcpp, testthat, withr",NA,"MIT + file LICENSE",NA,NA,NA,NA,"no","3.6.3"
"promises","promises","/home/kawin7538/R/x86_64-pc-linux-gnu-library/3.6","1.2.0.1",NA,NA,"R6, Rcpp, later, rlang, stats, magrittr","later, Rcpp","testthat, future (>= 1.21.0), fastmap (>= 1.1.0), purrr,
knitr, rmarkdown, vembedr, spelling",NA,"MIT + file LICENSE",NA,NA,NA,NA,"yes","3.6.3"
"proxy","proxy","/home/kawin7538/R/x86_64-pc-linux-gnu-library/3.6","0.4-26",NA,"R (>= 3.4.0)","stats, utils",NA,"cba",NA,"GPL-2",NA,NA,NA,NA,"yes","3.6.3"
"ps","ps","/home/kawin7538/R/x86_64-pc-linux-gnu-library/3.6","1.6.0",NA,"R (>= 3.1)","utils",NA,"callr, covr, curl, pingr, processx (>= 3.1.0), R6, rlang,
testthat, tibble",NA,"MIT + file LICENSE",NA,NA,NA,NA,"yes","3.6.3"
"purrr","purrr","/home/kawin7538/R/x86_64-pc-linux-gnu-library/3.6","0.3.4",NA,"R (>= 3.2)","magrittr (>= 1.5), rlang (>= 0.3.1)",NA,"covr, crayon, dplyr (>= 0.7.8), knitr, rmarkdown, testthat,
tibble, tidyselect",NA,"GPL-3 | file LICENSE",NA,NA,NA,NA,"yes","3.6.3"
"qpdf","qpdf","/home/kawin7538/R/x86_64-pc-linux-gnu-library/3.6","1.1",NA,NA,"Rcpp, askpass, curl","Rcpp","testthat",NA,"Apache License 2.0",NA,NA,NA,NA,"yes","3.6.3"
"quadprog","quadprog","/home/kawin7538/R/x86_64-pc-linux-gnu-library/3.6","1.5-8",NA,"R (>= 3.1.0)",NA,NA,NA,NA,"GPL (>= 2)",NA,NA,NA,NA,"yes","3.6.3"
"quantmod","quantmod","/home/kawin7538/R/x86_64-pc-linux-gnu-library/3.6","0.4.18",NA,"R (>= 3.2.0), xts(>= 0.9-0), zoo, TTR(>= 0.2), methods","curl",NA,"DBI,RMySQL,RSQLite,timeSeries,xml2,downloader,jsonlite(>=
1.1)",NA,"GPL-3",NA,NA,NA,NA,"no","3.6.3"
"quantreg","quantreg","/home/kawin7538/R/x86_64-pc-linux-gnu-library/3.6","5.88",NA,"R (>= 2.6), stats, SparseM","methods, graphics, Matrix, MatrixModels",NA,"tripack, akima, MASS, survival, rgl, logspline, nor1mix,
Formula, zoo, R.rsp, conquer",NA,"GPL (>= 2)",NA,NA,NA,NA,"yes","3.6.3"
"R6","R6","/home/kawin7538/R/x86_64-pc-linux-gnu-library/3.6","2.5.1",NA,"R (>= 3.0)",NA,NA,"testthat, pryr",NA,"MIT + file LICENSE",NA,NA,NA,NA,"no","3.6.3"
"rappdirs","rappdirs","/home/kawin7538/R/x86_64-pc-linux-gnu-library/3.6","0.3.3",NA,"R (>= 3.2)",NA,NA,"roxygen2, testthat (>= 3.0.0), covr, withr",NA,"MIT + file LICENSE",NA,NA,NA,NA,"yes","3.6.3"
"raster","raster","/home/kawin7538/R/x86_64-pc-linux-gnu-library/3.6","3.5-11",NA,"sp (>= 1.4-5), R (>= 3.5.0)","Rcpp, methods, terra (>= 1.4-11)","Rcpp","rgdal (>= 1.5-23), rgeos (>= 0.5-3), ncdf4, igraph, tcltk,
parallel, rasterVis, MASS, sf, tinytest, gstat, fields,
exactextractr",NA,"GPL (>= 3)",NA,NA,NA,NA,"yes","3.6.3"
"rbibutils","rbibutils","/home/kawin7538/R/x86_64-pc-linux-gnu-library/3.6","2.2.7",NA,"R (>= 2.10)","utils, tools",NA,"testthat",NA,"GPL-2",NA,NA,NA,NA,"yes","3.6.3"
"rcmdcheck","rcmdcheck","/home/kawin7538/R/x86_64-pc-linux-gnu-library/3.6","1.4.0",NA,NA,"callr (>= 3.1.1.9000), cli (>= 3.0.0), curl, desc (>= 1.2.0),
digest, pkgbuild, prettyunits, R6, rprojroot, sessioninfo (>=
1.1.1), utils, withr, xopen",NA,"covr, knitr, mockery, processx, ps, rmarkdown, svglite,
testthat, webfakes",NA,"MIT + file LICENSE",NA,NA,NA,NA,"no","3.6.3"
"RColorBrewer","RColorBrewer","/home/kawin7538/R/x86_64-pc-linux-gnu-library/3.6","1.1-2",NA,"R (>= 2.0.0)",NA,NA,NA,NA,"Apache License 2.0",NA,NA,NA,NA,"no","3.6.3"
"Rcpp","Rcpp","/home/kawin7538/R/x86_64-pc-linux-gnu-library/3.6","1.0.7",NA,NA,"methods, utils",NA,"tinytest, inline, rbenchmark, pkgKitten (>= 0.1.2)",NA,"GPL (>= 2)",NA,NA,NA,NA,"yes","3.6.3"
"RcppArmadillo","RcppArmadillo","/home/kawin7538/R/x86_64-pc-linux-gnu-library/3.6","0.10.8.1.0",NA,"R (>= 3.3.0)","Rcpp (>= 0.11.0), stats, utils, methods","Rcpp","tinytest, Matrix (>= 1.3.0), pkgKitten, reticulate, slam",NA,"GPL (>= 2)",NA,NA,NA,NA,"yes","3.6.3"
"RCurl","RCurl","/home/kawin7538/R/x86_64-pc-linux-gnu-library/3.6","1.98-1.6",NA,"R (>= 3.4.0), methods","bitops",NA,"XML",NA,"BSD_3_clause + file LICENSE",NA,NA,NA,NA,"yes","3.6.3"
"Rdpack","Rdpack","/home/kawin7538/R/x86_64-pc-linux-gnu-library/3.6","2.3",NA,"R (>= 2.15.0), methods","tools, utils, rbibutils (>= 1.3)",NA,"grDevices, testthat, rstudioapi, rprojroot, gbRd",NA,"GPL (>= 2)",NA,NA,NA,NA,"no","3.6.3"
"readr","readr","/home/kawin7538/R/x86_64-pc-linux-gnu-library/3.6","2.1.1",NA,"R (>= 3.1)","cli, clipr, crayon, hms (>= 0.4.1), methods, rlang, R6,
tibble, vroom (>= 1.5.6), utils, lifecycle (>= 0.2.0)","cpp11, tzdb (>= 0.1.1)","datasets, covr, curl, knitr, rmarkdown, spelling, stringi,
testthat, tzdb (>= 0.1.1), waldo, withr, xml2",NA,"MIT + file LICENSE",NA,NA,NA,NA,"yes","3.6.3"
"readxl","readxl","/home/kawin7538/R/x86_64-pc-linux-gnu-library/3.6","1.3.1",NA,NA,"cellranger, Rcpp (>= 0.12.18), tibble (>= 1.3.1), utils","progress, Rcpp","covr, knitr, rmarkdown, rprojroot (>= 1.1), testthat",NA,"GPL-3",NA,NA,NA,NA,"yes","3.6.3"
"rematch","rematch","/home/kawin7538/R/x86_64-pc-linux-gnu-library/3.6","1.0.1",NA,NA,NA,NA,"covr, testthat",NA,"MIT + file LICENSE",NA,NA,NA,NA,"no","3.6.3"
"rematch2","rematch2","/home/kawin7538/R/x86_64-pc-linux-gnu-library/3.6","2.1.2",NA,NA,"tibble",NA,"covr, testthat",NA,"MIT + file LICENSE",NA,NA,NA,NA,"no","3.6.3"
"remotes","remotes","/home/kawin7538/R/x86_64-pc-linux-gnu-library/3.6","2.4.2",NA,"R (>= 3.0.0)","methods, stats, tools, utils",NA,"brew, callr, codetools, curl, covr, git2r (>= 0.23.0), knitr,
mockery, pkgbuild (>= 1.0.1), pingr, rmarkdown, rprojroot,
testthat, webfakes, withr",NA,"MIT + file LICENSE",NA,NA,NA,NA,"no","3.6.3"
"reprex","reprex","/home/kawin7538/R/x86_64-pc-linux-gnu-library/3.6","2.0.1",NA,"R (>= 3.3)","callr (>= 3.6.0), cli (>= 2.3.1), clipr (>= 0.4.0), fs, glue,
knitr (>= 1.23), rlang (>= 0.4.0), rmarkdown, rstudioapi,
utils, withr (>= 2.3.0)",NA,"covr, fortunes, miniUI, mockr, rprojroot, sessioninfo, shiny,
spelling, styler (>= 1.2.0), testthat (>= 3.0.2)",NA,"MIT + file LICENSE",NA,NA,NA,NA,"no","3.6.3"
"rgdal","rgdal","/home/kawin7538/R/x86_64-pc-linux-gnu-library/3.6","1.5-28",NA,"R (>= 3.5.0), methods, sp (>= 1.1-0)","grDevices, graphics, stats, utils","sp","knitr, DBI, RSQLite, maptools, mapview, rmarkdown, curl,
rgeos",NA,"GPL (>= 2)",NA,NA,NA,NA,"yes","3.6.3"
"rgeos","rgeos","/home/kawin7538/R/x86_64-pc-linux-gnu-library/3.6","0.5-9",NA,"R (>= 3.3.0), methods, sp (>= 1.1-0)","utils, stats, graphics","sp","maptools (>= 0.8-5), testthat, XML, maps, rgdal",NA,"GPL (>= 2)",NA,NA,NA,NA,"yes","3.6.3"
"rgl","rgl","/home/kawin7538/R/x86_64-pc-linux-gnu-library/3.6","0.108.3",NA,"R (>= 3.3.0)","graphics, grDevices, stats, utils, htmlwidgets, htmltools,
knitr (>= 1.33), jsonlite (>= 0.9.20), magrittr, R6",NA,"MASS, rmarkdown, deldir (>= 1.0-4), orientlib, lattice,
misc3d, magick, plotrix (>= 3.7-3), tripack, interp,
alphashape3d, tcltk, js (>= 1.2), akima, webshot2, downlit (>=
0.4.0), pkgdown, extrafont, shiny, manipulateWidget (>= 0.9.0),
testthat, markdown, crosstalk","waldo","GPL",NA,NA,NA,NA,"yes","3.6.3"
"rlang","rlang","/home/kawin7538/R/x86_64-pc-linux-gnu-library/3.6","1.0.2",NA,"R (>= 3.4.0)","utils",NA,"cli (>= 3.1.0), covr, crayon, fs, glue, knitr, magrittr,
methods, pillar, rmarkdown, stats, testthat (>= 3.0.0), tibble,
usethis, vctrs (>= 0.2.3), withr","winch","MIT + file LICENSE",NA,NA,NA,NA,"yes","3.6.3"
"rlecuyer","rlecuyer","/home/kawin7538/R/x86_64-pc-linux-gnu-library/3.6","0.3-5",NA,NA,NA,NA,NA,NA,"GPL (>= 2)",NA,NA,NA,NA,"yes","3.6.3"
"rmarkdown","rmarkdown","/home/kawin7538/R/x86_64-pc-linux-gnu-library/3.6","2.11",NA,"R (>= 3.0)","tools, utils, knitr (>= 1.22), yaml (>= 2.1.19), htmltools (>=
0.3.5), evaluate (>= 0.13), jsonlite, tinytex (>= 0.31), xfun
(>= 0.21), jquerylib, methods, stringr (>= 1.2.0)",NA,"shiny (>= 1.6.0), tufte, testthat (>= 3.0.0), digest,
dygraphs, vctrs, tibble, fs, rsconnect, withr (>= 2.4.2), bslib
(>= 0.2.5.1), sass (>= 0.4.0)",NA,"GPL-3",NA,NA,NA,NA,"no","3.6.3"
"robustbase","robustbase","/home/kawin7538/R/x86_64-pc-linux-gnu-library/3.6","0.93-9",NA,"R (>= 3.5.0)","stats, graphics, utils, methods, DEoptimR",NA,"grid, MASS, lattice, boot, cluster, Matrix, robust,
fit.models, MPV, xtable, ggplot2, GGally, RColorBrewer,
reshape2, sfsmisc, catdata, doParallel, foreach, skewt","robustX, rrcov, matrixStats, quantreg, Hmisc","GPL (>= 2)",NA,NA,NA,NA,"yes","3.6.3"
"roxygen2","roxygen2","/home/kawin7538/R/x86_64-pc-linux-gnu-library/3.6","7.1.2",NA,"R (>= 3.3)","brew, commonmark, desc (>= 1.2.0), digest, knitr, methods,
pkgload (>= 1.0.2), purrr (>= 0.3.3), R6 (>= 2.1.2), rlang,
stringi, stringr (>= 1.0.0), utils, xml2","cpp11","covr, devtools, rmarkdown, testthat (>= 2.1.0), R.methodsS3,
R.oo",NA,"MIT + file LICENSE",NA,NA,NA,NA,"yes","3.6.3"
"rprojroot","rprojroot","/home/kawin7538/R/x86_64-pc-linux-gnu-library/3.6","2.0.2",NA,"R (>= 3.0.0)",NA,NA,"covr, knitr, lifecycle, mockr, rmarkdown, testthat (>=
3.0.0), withr",NA,"MIT + file LICENSE",NA,NA,NA,NA,"no","3.6.3"
"rrcov","rrcov","/home/kawin7538/R/x86_64-pc-linux-gnu-library/3.6","1.6-2",NA,"R (>= 2.10), robustbase (>= 0.92.1), methods","stats, stats4, mvtnorm, lattice, pcaPP",NA,"grid, MASS",NA,"GPL (>= 3)",NA,NA,NA,NA,"yes","3.6.3"
"rstudioapi","rstudioapi","/home/kawin7538/R/x86_64-pc-linux-gnu-library/3.6","0.13",NA,NA,NA,NA,"testthat, knitr, rmarkdown, clipr",NA,"MIT + file LICENSE",NA,NA,NA,NA,"no","3.6.3"
"rversions","rversions","/home/kawin7538/R/x86_64-pc-linux-gnu-library/3.6","2.1.1",NA,NA,"curl, utils, xml2 (>= 1.0.0)",NA,"mockery, testthat",NA,"MIT + file LICENSE",NA,NA,NA,NA,"no","3.6.3"
"rvest","rvest","/home/kawin7538/R/x86_64-pc-linux-gnu-library/3.6","1.0.2",NA,"R (>= 3.2)","httr (>= 0.5), lifecycle (>= 1.0.0), magrittr, rlang (>=
0.4.10), selectr, tibble, xml2 (>= 1.3)",NA,"covr, glue, knitr, readr, rmarkdown, repurrrsive, spelling,
stringi (>= 0.3.1), testthat (>= 3.0.2), webfakes",NA,"MIT + file LICENSE",NA,NA,NA,NA,"no","3.6.3"
"s2","s2","/home/kawin7538/R/x86_64-pc-linux-gnu-library/3.6","1.0.7",NA,"R (>= 3.0.0)","Rcpp, wk (>= 0.5.0)","Rcpp, wk","testthat, vctrs",NA,"Apache License (== 2.0)",NA,NA,NA,NA,"yes","3.6.3"
"sass","sass","/home/kawin7538/R/x86_64-pc-linux-gnu-library/3.6","0.4.1",NA,NA,"fs, rlang (>= 0.4.10), htmltools (>= 0.5.1), R6, rappdirs",NA,"testthat, knitr, rmarkdown, withr, shiny, curl",NA,"MIT + file LICENSE",NA,NA,NA,NA,"yes","3.6.3"
"scales","scales","/home/kawin7538/R/x86_64-pc-linux-gnu-library/3.6","1.1.1",NA,"R (>= 3.2)","farver (>= 2.0.3), labeling, lifecycle, munsell (>= 0.5), R6,
RColorBrewer, viridisLite",NA,"bit64, covr, dichromat, ggplot2, hms (>= 0.5.0), testthat (>=
2.1.0)",NA,"MIT + file LICENSE",NA,NA,NA,NA,"no","3.6.3"
"selectr","selectr","/home/kawin7538/R/x86_64-pc-linux-gnu-library/3.6","0.4-2",NA,"R (>= 3.0)","methods, stringr, R6",NA,"testthat, XML, xml2",NA,"BSD_3_clause + file LICENCE",NA,NA,NA,NA,"no","3.6.3"
"sessioninfo","sessioninfo","/home/kawin7538/R/x86_64-pc-linux-gnu-library/3.6","1.2.2",NA,"R (>= 2.10)","cli (>= 3.1.0), tools, utils",NA,"callr, covr, mockery, reticulate, rmarkdown, testthat, withr",NA,"GPL-2",NA,NA,NA,NA,"no","3.6.3"
"sf","sf","/home/kawin7538/R/x86_64-pc-linux-gnu-library/3.6","1.0-5",NA,"methods, R (>= 3.3.0)","classInt (>= 0.4-1), DBI (>= 0.8), graphics, grDevices, grid,
magrittr, Rcpp (>= 0.12.18), s2 (>= 1.0.7), stats, tools, units
(>= 0.6-0), utils","Rcpp","blob, covr, dplyr (>= 0.8-3), ggplot2, knitr, lwgeom (>=
0.2-1), maps, mapview, Matrix, microbenchmark, odbc, pillar,
pool, raster, rgdal, rgeos, rlang, rmarkdown, RPostgres (>=
1.1.0), RPostgreSQL, RSQLite, sp (>= 1.2-4), spatstat (>=
2.0-1), spatstat.geom, spatstat.core, spatstat.linnet,
spatstat.utils, stars (>= 0.2-0), terra, testthat, tibble (>=
1.4.1), tidyr (>= 1.0-0), tidyselect (>= 1.0.0), tmap (>= 2.0),
vctrs, wk",NA,"GPL-2 | MIT + file LICENSE",NA,NA,NA,NA,"yes","3.6.3"
"shiny","shiny","/home/kawin7538/R/x86_64-pc-linux-gnu-library/3.6","1.7.1",NA,"R (>= 3.0.2), methods","utils, grDevices, httpuv (>= 1.5.2), mime (>= 0.3), jsonlite
(>= 0.9.16), xtable, fontawesome (>= 0.2.1), htmltools (>=
0.5.2), R6 (>= 2.0), sourcetools, later (>= 1.0.0), promises
(>= 1.1.0), tools, crayon, rlang (>= 0.4.10), fastmap (>=
1.1.0), withr, commonmark (>= 1.7), glue (>= 1.3.2), bslib (>=
0.3.0), cachem, ellipsis, lifecycle (>= 0.2.0)",NA,"datasets, Cairo (>= 1.5-5), testthat (>= 3.0.0), knitr (>=
1.6), markdown, rmarkdown, ggplot2, reactlog (>= 1.0.0),
magrittr, shinytest (>= 1.4.0.9003), yaml, future, dygraphs,
ragg, showtext, sass",NA,"GPL-3 | file LICENSE",NA,NA,NA,NA,"no","3.6.3"
"slam","slam","/home/kawin7538/R/x86_64-pc-linux-gnu-library/3.6","0.1-50",NA,"R (>= 3.4.0)","stats",NA,NA,"Matrix, SparseM, spam","GPL-2",NA,NA,NA,NA,"yes","3.6.3"
"sn","sn","/home/kawin7538/R/x86_64-pc-linux-gnu-library/3.6","2.0.2",NA,"R (>= 3.0.0), methods, stats4","mnormt (>= 2.0.0), numDeriv, utils, quantreg",NA,"R.rsp",NA,"GPL-2 | GPL-3",NA,NA,NA,NA,"no","3.6.3"
"snow","snow","/home/kawin7538/R/x86_64-pc-linux-gnu-library/3.6","0.4-4",NA,"R (>= 2.13.1), utils",NA,NA,"rlecuyer","Rmpi","GPL",NA,NA,NA,NA,"no","3.6.3"
"snowfall","snowfall","/home/kawin7538/R/x86_64-pc-linux-gnu-library/3.6","1.84-6.1",NA,"R (>= 2.10), snow",NA,NA,"Rmpi",NA,"GPL",NA,NA,NA,NA,"no","3.6.3"
"sourcetools","sourcetools","/home/kawin7538/R/x86_64-pc-linux-gnu-library/3.6","0.1.7",NA,"R (>= 3.0.2)",NA,NA,"testthat",NA,"MIT + file LICENSE",NA,NA,NA,NA,"yes","3.6.3"
"sp","sp","/home/kawin7538/R/x86_64-pc-linux-gnu-library/3.6","1.4-6",NA,"R (>= 3.0.0), methods","utils, stats, graphics, grDevices, lattice, grid",NA,"RColorBrewer, rgdal (>= 1.2-3), rgeos (>= 0.3-13), gstat,
maptools, deldir, knitr, rmarkdown",NA,"GPL (>= 2)",NA,NA,NA,NA,"yes","3.6.3"
"spam","spam","/home/kawin7538/R/x86_64-pc-linux-gnu-library/3.6","2.8-0",NA,"R (>= 3.1)","dotCall64, grid, methods",NA,"spam64, fields, Matrix, testthat, R.rsp, truncdist, knitr,
rmarkdown",NA,"LGPL-2 | BSD_3_clause + file LICENSE",NA,NA,NA,NA,"yes","3.6.3"
"SparseM","SparseM","/home/kawin7538/R/x86_64-pc-linux-gnu-library/3.6","1.81",NA,"R (>= 2.15), methods","graphics, stats, utils",NA,NA,NA,"GPL (>= 2)",NA,NA,NA,NA,"yes","3.6.3"
"spData","spData","/home/kawin7538/R/x86_64-pc-linux-gnu-library/3.6","2.0.1",NA,"R (>= 3.3.0)","sp, raster",NA,"foreign, maptools, rgdal, sf (>= 0.9-1), spDataLarge (>=
0.4.0), spdep, spatialreg",NA,"CC0",NA,NA,NA,NA,"no","3.6.3"
"spdep","spdep","/home/kawin7538/R/x86_64-pc-linux-gnu-library/3.6","1.2-1",NA,"R (>= 3.3.0), methods, sp (>= 1.0), spData (>= 0.2.6.0), sf","stats, deldir, boot (>= 1.3-1), graphics, utils, grDevices,
units, s2, e1071",NA,"spatialreg (>= 1.2-1), Matrix, parallel, dbscan, rgeos,
RColorBrewer, lattice, xtable, maptools (>= 0.5-4), foreign,
igraph, RSpectra, knitr, rgdal, classInt, tmap, spam, ggplot2,
rmarkdown, tinytest, rgeoda",NA,"GPL (>= 2)",NA,NA,NA,NA,"yes","3.6.3"
"splancs","splancs","/home/kawin7538/R/x86_64-pc-linux-gnu-library/3.6","2.01-42",NA,"R (>= 2.10.0), sp (>= 0.9)","stats, graphics, grDevices, methods",NA,NA,NA,"GPL (>= 2)",NA,NA,NA,NA,"yes","3.6.3"
"statmod","statmod","/home/kawin7538/R/x86_64-pc-linux-gnu-library/3.6","1.4.36",NA,"R (>= 3.0.0)","stats, graphics",NA,"MASS, tweedie",NA,"GPL-2 | GPL-3",NA,NA,NA,NA,"yes","3.6.3"
"stringi","stringi","/home/kawin7538/R/x86_64-pc-linux-gnu-library/3.6","1.7.6",NA,"R (>= 3.1)","tools, utils, stats",NA,NA,NA,"file LICENSE","yes",NA,NA,NA,"yes","3.6.3"
"stringr","stringr","/home/kawin7538/R/x86_64-pc-linux-gnu-library/3.6","1.4.0",NA,"R (>= 3.1)","glue (>= 1.2.0), magrittr, stringi (>= 1.1.7)",NA,"covr, htmltools, htmlwidgets, knitr, rmarkdown, testthat",NA,"GPL-2 | file LICENSE",NA,NA,NA,NA,"no","3.6.3"
"striprtf","striprtf","/home/kawin7538/R/x86_64-pc-linux-gnu-library/3.6","0.5.3",NA,"R (>= 3.0)","magrittr, Rcpp, stringr, utils","Rcpp","testthat",NA,"MIT + file LICENSE",NA,NA,NA,NA,"yes","3.6.3"
"sys","sys","/home/kawin7538/R/x86_64-pc-linux-gnu-library/3.6","3.4",NA,NA,NA,NA,"unix (>= 1.4), spelling, testthat",NA,"MIT + file LICENSE",NA,NA,NA,NA,"yes","3.6.3"
"TeachingDemos","TeachingDemos","/home/kawin7538/R/x86_64-pc-linux-gnu-library/3.6","2.12",NA,"R (>= 2.10)",NA,NA,"tkrplot, lattice, MASS, rgl, tcltk, tcltk2, png, ggplot2,
logspline, maptools, R2wd, manipulate",NA,"Artistic-2.0",NA,NA,NA,NA,"no","3.6.3"
"terra","terra","/home/kawin7538/R/x86_64-pc-linux-gnu-library/3.6","1.4-22",NA,"R (>= 3.5.0)","methods, Rcpp","Rcpp","parallel, tinytest, ncdf4, sf (>= 0.9-8), deldir, XML, raster",NA,"GPL (>= 3)",NA,NA,NA,NA,"yes","3.6.3"
"testthat","testthat","/home/kawin7538/R/x86_64-pc-linux-gnu-library/3.6","3.1.2",NA,"R (>= 3.1)","brio, callr (>= 3.5.1), cli (>= 2.2.0), crayon (>= 1.3.4),
desc, digest, ellipsis (>= 0.2.0), evaluate, jsonlite,
lifecycle, magrittr, methods, pkgload, praise, processx, ps (>=
1.3.4), R6 (>= 2.2.0), rlang (>= 0.4.9), utils, waldo (>=
0.2.4), withr (>= 2.4.3)",NA,"covr, curl (>= 0.9.5), diffviewer (>= 0.1.0), knitr, mockery,
rmarkdown, rstudioapi, shiny, usethis, vctrs (>= 0.1.0), xml2",NA,"MIT + file LICENSE",NA,NA,NA,NA,"yes","3.6.3"
"textshape","textshape","/home/kawin7538/R/x86_64-pc-linux-gnu-library/3.6","1.7.3",NA,"R (>= 3.4.0)","data.table, slam, stats, stringi, utils",NA,"testthat",NA,"GPL-2",NA,NA,NA,NA,"no","3.6.3"
"tibble","tibble","/home/kawin7538/R/x86_64-pc-linux-gnu-library/3.6","3.1.6",NA,"R (>= 3.1.0)","ellipsis (>= 0.3.2), fansi (>= 0.4.0), lifecycle (>= 1.0.0),
magrittr, methods, pillar (>= 1.6.2), pkgconfig, rlang (>=
0.4.3), utils, vctrs (>= 0.3.8)",NA,"bench, bit64, blob, brio, callr, cli, covr, crayon (>=
1.3.4), DiagrammeR, dplyr, evaluate, formattable, ggplot2, hms,
htmltools, knitr, lubridate, mockr, nycflights13, pkgbuild,
pkgload, purrr, rmarkdown, stringi, testthat (>= 3.0.2), tidyr,
withr",NA,"MIT + file LICENSE",NA,NA,NA,NA,"yes","3.6.3"
"tidyr","tidyr","/home/kawin7538/R/x86_64-pc-linux-gnu-library/3.6","1.2.0",NA,"R (>= 3.1)","dplyr (>= 1.0.0), ellipsis (>= 0.1.0), glue, lifecycle,
magrittr, purrr, rlang, tibble (>= 2.1.1), tidyselect (>=
1.1.0), utils, vctrs (>= 0.3.7)","cpp11 (>= 0.4.0)","covr, data.table, jsonlite, knitr, readr, repurrrsive (>=
1.0.0), rmarkdown, testthat (>= 3.0.0)",NA,"MIT + file LICENSE",NA,NA,NA,NA,"yes","3.6.3"
"tidyselect","tidyselect","/home/kawin7538/R/x86_64-pc-linux-gnu-library/3.6","1.1.1",NA,"R (>= 3.2)","ellipsis, glue (>= 1.3.0), purrr (>= 0.3.2), rlang (>= 0.4.6),
vctrs (>= 0.3.0)",NA,"covr, crayon, dplyr, knitr, magrittr, rmarkdown, testthat (>=
2.3.0), tibble (>= 2.1.3), withr",NA,"MIT + file LICENSE",NA,NA,NA,NA,"yes","3.6.3"
"tidyverse","tidyverse","/home/kawin7538/R/x86_64-pc-linux-gnu-library/3.6","1.3.1",NA,"R (>= 3.3)","broom (>= 0.7.6), cli (>= 2.4.0), crayon (>= 1.4.1), dbplyr
(>= 2.1.1), dplyr (>= 1.0.5), dtplyr (>= 1.1.0), forcats (>=
0.5.1), googledrive (>= 1.0.1), googlesheets4 (>= 0.3.0),
ggplot2 (>= 3.3.3), haven (>= 2.3.1), hms (>= 1.0.0), httr (>=
1.4.2), jsonlite (>= 1.7.2), lubridate (>= 1.7.10), magrittr
(>= 2.0.1), modelr (>= 0.1.8), pillar (>= 1.6.0), purrr (>=
0.3.4), readr (>= 1.4.0), readxl (>= 1.3.1), reprex (>= 2.0.0),
rlang (>= 0.4.10), rstudioapi (>= 0.13), rvest (>= 1.0.0),
stringr (>= 1.4.0), tibble (>= 3.1.0), tidyr (>= 1.1.3), xml2
(>= 1.3.2)",NA,"covr, feather, glue, knitr, rmarkdown, testthat",NA,"MIT + file LICENSE",NA,NA,NA,NA,"no","3.6.3"
"timeDate","timeDate","/home/kawin7538/R/x86_64-pc-linux-gnu-library/3.6","3043.102",NA,"R (>= 2.15.1), graphics, utils, stats, methods",NA,NA,"date, RUnit",NA,"GPL (>= 2)",NA,NA,NA,NA,"no","3.6.3"
"tinytex","tinytex","/home/kawin7538/R/x86_64-pc-linux-gnu-library/3.6","0.36",NA,NA,"xfun (>= 0.29)",NA,"testit, rstudioapi",NA,"MIT + file LICENSE",NA,NA,NA,NA,"no","3.6.3"
"tis","tis","/home/kawin7538/R/x86_64-pc-linux-gnu-library/3.6","1.39",NA,"R (>= 2.3)",NA,NA,"reshape, scales","zoo, ggplot2, graphics","Unlimited",NA,NA,NA,NA,"yes","3.6.3"
"tmvnsim","tmvnsim","/home/kawin7538/R/x86_64-pc-linux-gnu-library/3.6","1.0-2",NA,NA,NA,NA,NA,NA,"GPL-2",NA,NA,NA,NA,"yes","3.6.3"
"tseries","tseries","/home/kawin7538/R/x86_64-pc-linux-gnu-library/3.6","0.10-49",NA,"R (>= 2.10.0)","graphics, stats, utils, quadprog, zoo, quantmod (>= 0.4-9)",NA,NA,NA,"GPL-2",NA,NA,NA,NA,"yes","3.6.3"
"TTR","TTR","/home/kawin7538/R/x86_64-pc-linux-gnu-library/3.6","0.24.3",NA,NA,"xts (>= 0.10-0), zoo, curl","xts","RUnit","quantmod","GPL (>= 2)",NA,NA,NA,NA,"yes","3.6.3"
"tzdb","tzdb","/home/kawin7538/R/x86_64-pc-linux-gnu-library/3.6","0.2.0",NA,"R (>= 3.3)",NA,"cpp11 (>= 0.4.0)","covr, testthat (>= 3.0.0)",NA,"MIT + file LICENSE",NA,NA,NA,NA,"yes","3.6.3"
"units","units","/home/kawin7538/R/x86_64-pc-linux-gnu-library/3.6","0.7-2",NA,"R (>= 3.0.2)","Rcpp","Rcpp (>= 0.12.10)","udunits2, NISTunits, measurements, xml2, magrittr, pillar (>=
1.3.0), dplyr (>= 1.0.0), vctrs (>= 0.3.1), knitr, testthat (>=
3.0.0), ggforce, rmarkdown",NA,"GPL-2",NA,NA,NA,NA,"yes","3.6.3"
"urca","urca","/home/kawin7538/R/x86_64-pc-linux-gnu-library/3.6","1.3-0",NA,"R (>= 2.0.0), methods","nlme, graphics, stats",NA,NA,NA,"GPL (>= 2)",NA,NA,NA,NA,"yes","3.6.3"
"usethis","usethis","/home/kawin7538/R/x86_64-pc-linux-gnu-library/3.6","2.1.5",NA,"R (>= 3.4)","cli (>= 3.0.1), clipr (>= 0.3.0), crayon, curl (>= 2.7), desc
(>= 1.4.0), fs (>= 1.3.0), gert (>= 1.4.1), gh (>= 1.2.1), glue
(>= 1.3.0), jsonlite, lifecycle (>= 1.0.0), purrr, rappdirs,
rlang (>= 0.4.10), rprojroot (>= 1.2), rstudioapi, stats,
utils, whisker, withr (>= 2.3.0), yaml",NA,"covr, knitr, magick, mockr, pkgload, rmarkdown, roxygen2 (>=
7.1.2), spelling (>= 1.2), styler (>= 1.2.0), testthat (>=
3.1.0)",NA,"MIT + file LICENSE",NA,NA,NA,NA,"no","3.6.3"
"utf8","utf8","/home/kawin7538/R/x86_64-pc-linux-gnu-library/3.6","1.2.2",NA,"R (>= 2.10)",NA,NA,"cli, covr, knitr, rlang, rmarkdown, testthat (>= 3.0.0),
withr",NA,"Apache License (== 2.0) | file LICENSE",NA,NA,NA,NA,"yes","3.6.3"
"uuid","uuid","/home/kawin7538/R/x86_64-pc-linux-gnu-library/3.6","1.0-3",NA,"R (>= 2.9.0)",NA,NA,NA,NA,"MIT + file LICENSE",NA,NA,NA,NA,"yes","3.6.3"
"vctrs","vctrs","/home/kawin7538/R/x86_64-pc-linux-gnu-library/3.6","0.3.8",NA,"R (>= 3.3)","ellipsis (>= 0.2.0), glue, rlang (>= 0.4.10)",NA,"bit64, covr, crayon, dplyr (>= 0.8.5), generics, knitr,
pillar (>= 1.4.4), pkgdown, rmarkdown, testthat (>= 2.3.0),
tibble, withr, xml2, waldo (>= 0.2.0), zeallot",NA,"MIT + file LICENSE",NA,NA,NA,NA,"yes","3.6.3"
"viridis","viridis","/home/kawin7538/R/x86_64-pc-linux-gnu-library/3.6","0.6.2",NA,"R (>= 2.10), viridisLite (>= 0.4.0)","stats, ggplot2 (>= 1.0.1), gridExtra",NA,"hexbin (>= 1.27.0), scales, MASS, knitr, dichromat,
colorspace, raster, rasterVis, httr, mapproj, vdiffr, svglite
(>= 1.2.0), testthat, covr, rmarkdown, rgdal, maps",NA,"MIT + file LICENSE",NA,NA,NA,NA,"no","3.6.3"
"viridisLite","viridisLite","/home/kawin7538/R/x86_64-pc-linux-gnu-library/3.6","0.4.0",NA,"R (>= 2.10)",NA,NA,"hexbin (>= 1.27.0), ggplot2 (>= 1.0.1), testthat, covr",NA,"MIT + file LICENSE",NA,NA,NA,NA,"no","3.6.3"
"vroom","vroom","/home/kawin7538/R/x86_64-pc-linux-gnu-library/3.6","1.5.7",NA,"R (>= 3.1)","bit64, crayon, cli, glue, hms, lifecycle, methods, rlang (>=
0.4.2), stats, tibble (>= 2.0.0), tzdb (>= 0.1.1), vctrs (>=
0.2.0), tidyselect, withr","progress (>= 1.2.1), cpp11 (>= 0.2.0), tzdb (>= 0.1.1)","archive, bench (>= 1.1.0), covr, curl, dplyr, forcats, fs,
ggplot2, knitr, patchwork, prettyunits, purrr, rmarkdown,
rstudioapi, scales, spelling, testthat (>= 2.1.0), tidyr,
utils, waldo, xml2",NA,"MIT + file LICENSE",NA,NA,NA,NA,"yes","3.6.3"
"waldo","waldo","/home/kawin7538/R/x86_64-pc-linux-gnu-library/3.6","0.4.0",NA,NA,"cli, diffobj (>= 0.3.4), fansi, glue, methods, rematch2, rlang
(>= 1.0.0), tibble",NA,"covr, R6, testthat (>= 3.0.0), withr, xml2",NA,"MIT + file LICENSE",NA,NA,NA,NA,"no","3.6.3"
"whisker","whisker","/home/kawin7538/R/x86_64-pc-linux-gnu-library/3.6","0.4",NA,NA,NA,NA,"markdown",NA,"GPL-3",NA,NA,NA,NA,"no","3.6.3"
"withr","withr","/home/kawin7538/R/x86_64-pc-linux-gnu-library/3.6","2.4.3",NA,"R (>= 3.2.0)","graphics, grDevices, stats",NA,"callr, covr, DBI, knitr, lattice, methods, rmarkdown,
RSQLite, testthat (>= 3.0.0)",NA,"MIT + file LICENSE",NA,NA,NA,NA,"no","3.6.3"
"wk","wk","/home/kawin7538/R/x86_64-pc-linux-gnu-library/3.6","0.6.0",NA,NA,NA,NA,"testthat (>= 3.0.0), vctrs (>= 0.3.0), sf, tibble, readr",NA,"MIT + file LICENSE",NA,NA,NA,NA,"yes","3.6.3"
"xfun","xfun","/home/kawin7538/R/x86_64-pc-linux-gnu-library/3.6","0.29",NA,NA,"stats, tools",NA,"testit, parallel, codetools, rstudioapi, tinytex (>= 0.30),
mime, markdown, knitr, htmltools, remotes, pak, rhub, renv,
curl, jsonlite, rmarkdown",NA,"MIT + file LICENSE",NA,NA,NA,NA,"yes","3.6.3"
"xml2","xml2","/home/kawin7538/R/x86_64-pc-linux-gnu-library/3.6","1.3.3",NA,"R (>= 3.1.0)","methods",NA,"covr, curl, httr, knitr, magrittr, mockery, rmarkdown,
testthat (>= 2.1.0)",NA,"MIT + file LICENSE",NA,NA,NA,NA,"yes","3.6.3"
"xopen","xopen","/home/kawin7538/R/x86_64-pc-linux-gnu-library/3.6","1.0.0",NA,"R (>= 3.1)","processx",NA,"ps, testthat",NA,"MIT + file LICENSE",NA,NA,NA,NA,"no","3.6.3"
"xtable","xtable","/home/kawin7538/R/x86_64-pc-linux-gnu-library/3.6","1.8-4",NA,"R (>= 2.10.0)","stats, utils",NA,"knitr, plm, zoo, survival",NA,"GPL (>= 2)",NA,NA,NA,NA,"no","3.6.3"
"xts","xts","/home/kawin7538/R/x86_64-pc-linux-gnu-library/3.6","0.12.1",NA,"zoo (>= 1.7-12)","methods","zoo","timeSeries, timeDate, tseries, chron, fts, tis, RUnit",NA,"GPL (>= 2)",NA,NA,NA,NA,"yes","3.6.3"
"yaml","yaml","/home/kawin7538/R/x86_64-pc-linux-gnu-library/3.6","2.2.1",NA,NA,NA,NA,"RUnit",NA,"BSD_3_clause + file LICENSE",NA,NA,NA,NA,"yes","3.6.3"
"zip","zip","/home/kawin7538/R/x86_64-pc-linux-gnu-library/3.6","2.2.0",NA,NA,NA,NA,"covr, processx, R6, testthat, withr",NA,"MIT + file LICENSE",NA,NA,NA,NA,"yes","3.6.3"
"zoo","zoo","/home/kawin7538/R/x86_64-pc-linux-gnu-library/3.6","1.8-9",NA,"R (>= 3.1.0), stats","utils, graphics, grDevices, lattice (>= 0.20-27)",NA,"AER, coda, chron, fts, ggplot2 (>= 3.0.0), mondate, scales,
stinepack, strucchange, timeDate, timeSeries, tis, tseries, xts",NA,"GPL-2 | GPL-3",NA,NA,NA,NA,"yes","3.6.3"
"base","base","/usr/lib/R/library","3.6.3","base",NA,NA,NA,"methods",NA,"Part of R 3.6.3",NA,NA,NA,NA,NA,"3.6.3"
"boot","boot","/usr/lib/R/library","1.3-24","recommended","R (>= 3.0.0), graphics, stats",NA,NA,"MASS, survival",NA,"Unlimited",NA,NA,NA,NA,"no","3.6.2"
"class","class","/usr/lib/R/library","7.3-15","recommended","R (>= 3.0.0), stats, utils","MASS",NA,NA,NA,"GPL-2 | GPL-3",NA,NA,NA,NA,"yes","3.5.2"
"cluster","cluster","/usr/lib/R/library","2.1.0","recommended","R (>= 3.3.0)","graphics, grDevices, stats, utils",NA,"MASS, Matrix",NA,"GPL (>= 2)",NA,NA,NA,NA,"yes","3.6.1"
"codetools","codetools","/usr/lib/R/library","0.2-16","recommended","R (>= 2.1)",NA,NA,NA,NA,"GPL",NA,NA,NA,NA,"no","3.5.2"
"compiler","compiler","/usr/lib/R/library","3.6.3","base",NA,NA,NA,NA,NA,"Part of R 3.6.3",NA,NA,NA,NA,NA,"3.6.3"
"datasets","datasets","/usr/lib/R/library","3.6.3","base",NA,NA,NA,NA,NA,"Part of R 3.6.3",NA,NA,NA,NA,NA,"3.6.3"
"foreign","foreign","/usr/lib/R/library","0.8-75","recommended","R (>= 3.0.0)","methods, utils, stats",NA,NA,NA,"GPL (>= 2)",NA,NA,NA,NA,"yes","3.6.2"
"graphics","graphics","/usr/lib/R/library","3.6.3","base",NA,"grDevices",NA,NA,NA,"Part of R 3.6.3",NA,NA,NA,NA,"yes","3.6.3"
"grDevices","grDevices","/usr/lib/R/library","3.6.3","base",NA,NA,NA,"KernSmooth",NA,"Part of R 3.6.3",NA,NA,NA,NA,"yes","3.6.3"
"grid","grid","/usr/lib/R/library","3.6.3","base",NA,"grDevices, utils",NA,"lattice",NA,"Part of R 3.6.3",NA,NA,NA,NA,"yes","3.6.3"
"KernSmooth","KernSmooth","/usr/lib/R/library","2.23-16","recommended","R (>= 2.5.0), stats",NA,NA,"MASS",NA,"Unlimited",NA,NA,NA,NA,"yes","3.6.1"
"lattice","lattice","/usr/lib/R/library","0.20-40","recommended","R (>= 3.0.0)","grid, grDevices, graphics, stats, utils",NA,"KernSmooth, MASS, latticeExtra","chron","GPL (>= 2)",NA,NA,NA,NA,"yes","3.6.2"
"MASS","MASS","/usr/lib/R/library","7.3-51.5","recommended","R (>= 3.1.0), grDevices, graphics, stats, utils","methods",NA,"lattice, nlme, nnet, survival",NA,"GPL-2 | GPL-3",NA,NA,NA,NA,"yes","3.6.2"
"Matrix.1","Matrix","/usr/lib/R/library","1.2-18","recommended","R (>= 3.2.0)","methods, graphics, grid, stats, utils, lattice",NA,"expm, MASS","MatrixModels, graph, SparseM, sfsmisc","GPL (>= 2) | file LICENCE",NA,NA,NA,NA,"yes","3.6.1"
"methods","methods","/usr/lib/R/library","3.6.3","base",NA,"utils, stats",NA,"codetools",NA,"Part of R 3.6.3",NA,NA,NA,NA,"yes","3.6.3"
"mgcv","mgcv","/usr/lib/R/library","1.8-31","recommended","R (>= 2.14.0), nlme (>= 3.1-64)","methods, stats, graphics, Matrix, splines, utils",NA,"parallel, survival, MASS",NA,"GPL (>= 2)",NA,NA,NA,NA,"yes","3.6.1"
"nlme","nlme","/usr/lib/R/library","3.1-144","recommended","R (>= 3.4.0)","graphics, stats, utils, lattice",NA,"Hmisc, MASS",NA,"GPL (>= 2) | file LICENCE",NA,NA,NA,NA,"yes","3.6.2"
"nnet","nnet","/usr/lib/R/library","7.3-13","recommended","R (>= 3.0.0), stats, utils",NA,NA,"MASS",NA,"GPL-2 | GPL-3",NA,NA,NA,NA,"yes","3.6.3"
"parallel","parallel","/usr/lib/R/library","3.6.3","base",NA,"tools, compiler",NA,"methods","snow, nws, Rmpi","Part of R 3.6.3",NA,NA,NA,NA,"yes","3.6.3"
"rpart","rpart","/usr/lib/R/library","4.1-15","recommended","R (>= 2.15.0), graphics, stats, grDevices",NA,NA,"survival",NA,"GPL-2 | GPL-3",NA,NA,NA,NA,"yes","3.6.1"
"spatial","spatial","/usr/lib/R/library","7.3-11","recommended","R (>= 3.0.0), graphics, stats, utils",NA,NA,"MASS",NA,"GPL-2 | GPL-3",NA,NA,NA,NA,"yes","3.5.0"
"splines","splines","/usr/lib/R/library","3.6.3","base",NA,"graphics, stats",NA,"Matrix, methods",NA,"Part of R 3.6.3",NA,NA,NA,NA,"yes","3.6.3"
"stats","stats","/usr/lib/R/library","3.6.3","base",NA,"utils, grDevices, graphics",NA,"MASS, Matrix, SuppDists, methods, stats4",NA,"Part of R 3.6.3",NA,NA,NA,NA,"yes","3.6.3"
"stats4","stats4","/usr/lib/R/library","3.6.3","base",NA,"graphics, methods, stats",NA,NA,NA,"Part of R 3.6.3",NA,NA,NA,NA,NA,"3.6.3"
"survival","survival","/usr/lib/R/library","3.1-8","recommended","R (>= 3.4.0)","graphics, Matrix, methods, splines, stats, utils",NA,NA,NA,"LGPL (>= 2)",NA,NA,NA,NA,"yes","3.6.2"
"tcltk","tcltk","/usr/lib/R/library","3.6.3","base",NA,"utils",NA,NA,NA,"Part of R 3.6.3",NA,NA,NA,NA,"yes","3.6.3"
"tools","tools","/usr/lib/R/library","3.6.3","base",NA,NA,NA,"codetools, methods, xml2, curl, commonmark",NA,"Part of R 3.6.3",NA,NA,NA,NA,"yes","3.6.3"
"utils","utils","/usr/lib/R/library","3.6.3","base",NA,NA,NA,"methods, xml2, commonmark",NA,"Part of R 3.6.3",NA,NA,NA,NA,"yes","3.6.3"
